"No.","Ticker","Company","Sector","Industry","Country","Market Cap","P/E","Price","Change","Volume"
1,"IVP","Inspire Veterinary Partners Inc","Consumer Cyclical","Personal Services","USA",0.70,,0.10,0.00%,12163195
2,"ECDA","ECD Automotive Design Inc","Consumer Cyclical","Auto Manufacturers","USA",1.02,,0.41,5.44%,650256
3,"GORV","Lazydays Holdings Inc","Consumer Cyclical","Auto & Truck Dealerships","USA",1.57,,0.42,0.00%,0
4,"EZGO","EZGO Technologies Ltd","Consumer Cyclical","Recreational Vehicles","China",1.93,,2.22,6.73%,285335
5,"UOKA","MDJM Ltd","Consumer Cyclical","Lodging","United Kingdom",2.81,,2.63,1.15%,81205
6,"TRUG","TruGolf Holdings Inc","Consumer Cyclical","Leisure","USA",3.03,,1.17,-0.85%,66304
7,"CREV","Carbon Revolution Public Ltd. Co","Consumer Cyclical","Auto Parts","Ireland",3.30,,1.75,-2.78%,16791
8,"WBUY","Webuy Global Ltd","Consumer Cyclical","Internet Retail","Singapore",3.83,,1.97,7.07%,94936
9,"CJET","Chijet Motor Company Inc","Consumer Cyclical","Auto Manufacturers","Cayman Islands",3.98,,0.90,-5.02%,313933
10,"VMAR","Vision Marine Technologies Inc","Consumer Cyclical","Recreational Vehicles","Canada",4.07,,0.81,-18.16%,529948
11,"FTEL","Fitell Corp","Consumer Cyclical","Specialty Retail","Australia",4.10,,0.81,-0.62%,2372319
12,"XELB","Xcel Brands Inc","Consumer Cyclical","Apparel Manufacturing","USA",4.66,,0.97,4.16%,27328
13,"SBLX","StableX Technologies Inc","Consumer Cyclical","Auto Manufacturers","USA",4.73,,3.25,0.31%,85090
14,"TRNR","Interactive Strength Inc","Consumer Cyclical","Personal Services","USA",4.96,,2.08,19.54%,182099
15,"JWEL","Jowell Global Ltd","Consumer Cyclical","Internet Retail","China",5.23,,2.41,2.55%,7438
16,"VEEE","Twin Vee PowerCats Co","Consumer Cyclical","Recreational Vehicles","USA",5.28,,2.36,0.85%,272518
17,"EVTV","Envirotech Vehicles Inc","Consumer Cyclical","Auto Manufacturers","USA",5.75,,1.19,0.59%,20462
18,"AZI","Autozi Internet Technology (Global) Ltd","Consumer Cyclical","Auto & Truck Dealerships","China",6.02,0.17,0.06,-3.44%,8399864
19,"AREB","American Rebel Holdings Inc","Consumer Cyclical","Footwear & Accessories","USA",6.65,,1.07,-2.73%,1049695
20,"VSTD","Vestand Inc","Consumer Cyclical","Restaurants","USA",6.68,,0.47,-4.47%,85122
21,"BQ","Boqii Holding Limited","Consumer Cyclical","Specialty Retail","China",6.88,,2.39,-2.85%,384783
22,"CLIK","Click Holdings Ltd","Consumer Cyclical","Personal Services","Hong Kong",7.50,,6.55,14.91%,646035
23,"PTLE","PTL Ltd","Consumer Cyclical","Specialty Retail","Singapore",7.52,,0.15,-3.44%,830525
24,"FRSX","Foresight Autonomous Holdings Ltd ADR","Consumer Cyclical","Auto Parts","Israel",7.71,,1.88,2.73%,153269
25,"NVVE","Nuvve Holding Corp","Consumer Cyclical","Specialty Retail","USA",7.87,,0.18,-3.19%,5806884
26,"FMFC","Kandal M Venture Ltd","Consumer Cyclical","Footwear & Accessories","USA",8.74,41.55,0.48,-10.29%,199456
27,"BTBD","BT Brands Inc","Consumer Cyclical","Restaurants","USA",9.44,,1.59,1.92%,11761
28,"JZXN","Jiuzi Holdings Inc","Consumer Cyclical","Auto & Truck Dealerships","China",9.91,,0.18,-4.00%,267316
29,"LOBO","Lobo Technologies Ltd","Consumer Cyclical","Auto Manufacturers","China",10.17,,0.86,0.12%,74488
30,"INEO","INNEOVA Holdings Ltd","Consumer Cyclical","Auto Parts","Singapore",10.92,,0.66,-0.32%,7802
31,"FLYE","Fly-E Group Inc","Consumer Cyclical","Auto Manufacturers","USA",13.50,,8.27,-17.22%,137555
32,"PMNT","Perfect Moment Ltd","Consumer Cyclical","Apparel Manufacturing","USA",14.44,,0.41,-11.06%,319679
33,"MGIH","Millennium Group International Holdings Ltd","Consumer Cyclical","Packaging & Containers","Hong Kong",14.96,,1.33,-5.67%,25739
34,"CENN","Cenntro Inc","Consumer Cyclical","Auto Manufacturers","USA",16.40,,0.19,10.68%,11405761
35,"MMA","Mixed Martial Arts Group Ltd","Consumer Cyclical","Leisure","Australia",16.60,,1.27,1.84%,56002
36,"MRM","MEDIROM Healthcare Technologies Inc ADR","Consumer Cyclical","Personal Services","Japan",16.75,5.79,2.12,-0.70%,185818
37,"FGI","FGI Industries Ltd","Consumer Cyclical","Furnishings, Fixtures & Appliances","USA",17.32,,9.02,25.02%,166283
38,"MWYN","Marwynn Holdings Inc","Consumer Cyclical","Furnishings, Fixtures & Appliances","USA",17.77,,0.88,1.14%,32374
39,"YYGH","YY Group Holding Ltd","Consumer Cyclical","Personal Services","Singapore",18.69,,0.29,1.02%,300400
40,"WKHS","Workhorse Group Inc","Consumer Cyclical","Auto Manufacturers","USA",18.72,,0.78,-8.36%,1718433
41,"MOGU","MOGU Inc ADR","Consumer Cyclical","Internet Retail","China",18.97,,2.65,-1.32%,3046
42,"BGI","Birks Group Inc","Consumer Cyclical","Luxury Goods","Canada",21.16,,1.08,-1.04%,7287
43,"CGTL","Creative Global Technology Holdings Ltd","Consumer Cyclical","Specialty Retail","Hong Kong",21.85,,0.73,0.00%,80135
44,"REE","REE Automotive Ltd","Consumer Cyclical","Auto Parts","Israel",23.58,,0.76,-9.62%,103324
45,"WKSP","Worksport Ltd","Consumer Cyclical","Auto Parts","USA",24.85,,3.01,0.33%,209366
46,"KMRK","K-Tech Solutions Company Ltd","Consumer Cyclical","Leisure","Hong Kong",26.90,,1.27,-1.92%,20482
47,"LGCB","Linkage Global Inc","Consumer Cyclical","Internet Retail","Japan",27.97,,2.06,-0.12%,8915
48,"KXIN","Kaixin Holdings","Consumer Cyclical","Auto & Truck Dealerships","China",29.68,,4.91,19.17%,397273
49,"RECT","Rectitude Holdings Ltd","Consumer Cyclical","Specialty Retail","Singapore",30.16,23.45,2.08,-0.48%,5893
50,"PRTS","CarParts.com Inc","Consumer Cyclical","Auto Parts","USA",30.74,,0.44,-0.09%,1138994
51,"ABLV","Able View Global Inc","Consumer Cyclical","Specialty Retail","China",38.43,,0.78,-19.92%,830121
52,"VNCE","Vince Holding Corp","Consumer Cyclical","Apparel Manufacturing","USA",38.61,,2.98,3.37%,131673
53,"NDLS","Noodles & Company","Consumer Cyclical","Restaurants","USA",45.76,,0.98,3.94%,584594
54,"DBGI","Digital Brands Group Inc","Consumer Cyclical","Apparel Retail","USA",49.79,,7.87,16.94%,243915
55,"SPHL","Springview Holdings Ltd","Consumer Cyclical","Residential Construction","Singapore",52.78,,4.53,36.04%,426691
56,"VRA","Vera Bradley Inc","Consumer Cyclical","Footwear & Accessories","USA",61.46,,2.20,-7.17%,886332
57,"SPWH","Sportsman's Warehouse Holdings Inc","Consumer Cyclical","Specialty Retail","USA",66.10,,1.72,-29.80%,7325035
58,"UHG","United Homes Group Inc","Consumer Cyclical","Residential Construction","USA",67.64,,1.15,-3.36%,151582
59,"HOUR","Hour Loop Inc","Consumer Cyclical","Internet Retail","USA",71.41,85.65,2.03,0.50%,10522
60,"RRGB","Red Robin Gourmet Burgers Inc","Consumer Cyclical","Restaurants","USA",71.50,,3.98,-2.45%,148429
61,"LAZR","Luminar Technologies Inc","Consumer Cyclical","Auto Parts","USA",72.38,,0.93,-9.75%,8161925
62,"AGH","Aureus Greenway Holdings Inc","Consumer Cyclical","Leisure","USA",73.93,,4.91,-1.80%,40398
63,"PRPL","Purple Innovation Inc","Consumer Cyclical","Furnishings, Fixtures & Appliances","USA",81.14,,0.75,-0.68%,258762
64,"VIOT","Viomi Technology Co Ltd ADR","Consumer Cyclical","Furnishings, Fixtures & Appliances","China",81.89,6.75,2.43,-2.80%,46863
65,"ZOOZ","Zooz Strategy Ltd","Consumer Cyclical","Specialty Retail","Israel",84.19,,0.52,-0.95%,491484
66,"GRWG","GrowGeneration Corp","Consumer Cyclical","Specialty Retail","USA",87.97,,1.47,-2.65%,242637
67,"COOK","Traeger Inc","Consumer Cyclical","Furnishings, Fixtures & Appliances","USA",109.18,,0.80,-2.94%,298387
68,"CURV","Torrid Holdings Inc","Consumer Cyclical","Apparel Retail","USA",114.04,,1.15,1.77%,605299
69,"BARK","BARK Inc","Consumer Cyclical","Specialty Retail","USA",115.24,,0.67,-1.32%,427885
70,"IRBT","Irobot Corp","Consumer Cyclical","Furnishings, Fixtures & Appliances","USA",117.44,,3.69,21.78%,145733679
71,"SEV","Aptera Motors Corp","Consumer Cyclical","Auto Manufacturers","USA",149.16,,5.42,-5.90%,219889
72,"SNBR","Sleep Number Corp","Consumer Cyclical","Furnishings, Fixtures & Appliances","USA",151.78,,6.66,-3.76%,643383
73,"BZUN","Baozun Inc ADR","Consumer Cyclical","Internet Retail","China",162.93,,3.05,4.10%,183456
74,"DOGZ","Dogness (International) Corp","Consumer Cyclical","Leisure","China",164.28,,11.52,0.61%,44114
75,"FNKO","Funko Inc","Consumer Cyclical","Leisure","USA",166.73,,3.01,-3.53%,503764
76,"EMPD","Empery Digital Inc","Consumer Cyclical","Auto Manufacturers","USA",171.19,,4.70,-7.11%,884957
77,"PLCE","Childrens Place Inc","Consumer Cyclical","Apparel Manufacturing","USA",172.02,,7.76,3.05%,254404
78,"GAMB","Gambling.com Group Ltd","Consumer Cyclical","Gambling","United Kingdom",188.70,103.52,5.30,-1.30%,302763
79,"FFAI","Faraday Future Intelligent Electric Inc","Consumer Cyclical","Auto Manufacturers","USA",191.32,,1.13,-5.83%,4563750
80,"HERE","Here Group Ltd. ADR","Consumer Cyclical","Leisure","China",198.24,15.18,5.25,5.85%,703060
81,"LOVE","Lovesac Company","Consumer Cyclical","Furnishings, Fixtures & Appliances","USA",204.11,22.41,13.97,0.07%,286733
82,"AIIO","Robo.ai Inc","Consumer Cyclical","Auto Manufacturers","United Arab Emirates",205.43,,0.61,-6.93%,24773799
83,"FOSL","Fossil Group Inc","Consumer Cyclical","Footwear & Accessories","USA",205.45,,3.76,4.74%,1166280
84,"SDA","SunCar Technology Group Inc","Consumer Cyclical","Auto & Truck Dealerships","China",208.10,,2.04,-0.97%,49628
85,"CCHH","CCH Holdings Ltd","Consumer Cyclical","Restaurants","Malaysia",220.80,,11.47,9.45%,124280
86,"DIBS","1stdibs.com Inc","Consumer Cyclical","Internet Retail","USA",222.62,,6.08,-1.78%,387441
87,"FLWS","1-800 Flowers.com Inc","Consumer Cyclical","Specialty Retail","USA",222.83,,3.50,0.29%,248748
88,"NIU","Niu Technologies ADR","Consumer Cyclical","Auto Manufacturers","China",223.70,,3.21,-8.02%,855491
89,"XWIN","XMax Inc","Consumer Cyclical","Furnishings, Fixtures & Appliances","USA",231.97,,5.54,0.54%,807182
90,"PLBY","Playboy Inc","Consumer Cyclical","Leisure","USA",232.76,,2.16,-0.92%,1842266
91,"WW","WW International Inc","Consumer Cyclical","Personal Services","USA",240.78,0.21,24.11,-6.98%,293474
92,"DBI","Designer Brands Inc","Consumer Cyclical","Footwear & Accessories","USA",241.77,,4.88,3.61%,717452
93,"AHMA","Ambitions Enterprise Management Co LLC","Consumer Cyclical","Travel Services","United Arab Emirates",242.49,934.09,8.22,-37.73%,1054882
94,"CHPT","ChargePoint Holdings Inc","Consumer Cyclical","Specialty Retail","USA",243.57,,10.43,22.42%,3030744
95,"INVZ","Innoviz Technologies Ltd","Consumer Cyclical","Auto Parts","Israel",263.02,,1.31,-0.76%,2772177
96,"BNED","Barnes & Noble Education Inc","Consumer Cyclical","Specialty Retail","USA",301.38,,8.85,-2.64%,167655
97,"EM","Smart Share Global Ltd ADR","Consumer Cyclical","Personal Services","China",305.34,,1.41,3.68%,655426
98,"DENN","Denny's Corp","Consumer Cyclical","Restaurants","USA",317.75,31.51,6.17,-0.16%,1765681
99,"HYLN","Hyliion Holdings Corporation","Consumer Cyclical","Auto Parts","USA",337.87,,1.92,-3.03%,695153
100,"LOCO","El Pollo Loco Holdings Inc","Consumer Cyclical","Restaurants","USA",338.19,12.80,11.29,0.62%,237855
101,"XPOF","Xponential Fitness Inc","Consumer Cyclical","Leisure","USA",345.20,,7.08,2.02%,360833
102,"JACK","Jack In The Box, Inc","Consumer Cyclical","Restaurants","USA",356.02,,18.84,-2.53%,539087
103,"PTLO","Portillos Inc","Consumer Cyclical","Restaurants","USA",364.81,13.38,4.84,-2.22%,2141303
104,"BRCB","Black Rock Coffee Bar Inc","Consumer Cyclical","Restaurants","USA",424.24,,24.27,-0.12%,237933
105,"PACK","Ranpak Holdings Corp","Consumer Cyclical","Packaging & Containers","USA",434.54,,5.15,2.79%,272124
106,"BBBY","Bed Bath & Beyond Inc","Consumer Cyclical","Internet Retail","USA",435.12,,6.32,-3.22%,1545596
107,"CAL","Caleres Inc","Consumer Cyclical","Apparel Retail","USA",451.13,7.65,13.33,-1.04%,1334934
108,"TRON","Tron Inc","Consumer Cyclical","Leisure","USA",478.24,,1.86,-7.00%,774395
109,"SCVL","Shoe Carnival, Inc","Consumer Cyclical","Apparel Retail","USA",480.12,8.34,17.54,-3.73%,483142
110,"DIN","Dine Brands Global Inc","Consumer Cyclical","Restaurants","USA",481.61,14.94,33.39,2.49%,653127
111,"LE","Lands' End, Inc","Consumer Cyclical","Apparel Retail","USA",503.83,88.91,16.51,-0.36%,140988
112,"ORBS","Eightco Holdings Inc","Consumer Cyclical","Packaging & Containers","USA",514.36,,2.60,-7.14%,1706165
113,"HLLY","Holley Inc","Consumer Cyclical","Auto Parts","USA",518.19,,4.30,-1.15%,696919
114,"HZO","Marinemax, Inc","Consumer Cyclical","Specialty Retail","USA",520.93,,23.82,-0.79%,225782
115,"ZUMZ","Zumiez Inc","Consumer Cyclical","Apparel Retail","USA",525.24,63.32,30.62,12.33%,1134951
116,"ARKO","ARKO Corp","Consumer Cyclical","Specialty Retail","USA",544.90,43.62,4.89,0.41%,191312
117,"MBUU","Malibu Boats Inc","Consumer Cyclical","Recreational Vehicles","USA",549.11,29.06,28.56,3.52%,273943
118,"BLMN","Bloomin Brands Inc","Consumer Cyclical","Restaurants","USA",575.22,,6.75,0.00%,1630702
119,"MNRO","Monro Inc","Consumer Cyclical","Auto Parts","USA",582.68,,19.41,0.73%,601847
120,"OXM","Oxford Industries, Inc","Consumer Cyclical","Apparel Manufacturing","USA",606.73,11.04,40.81,2.59%,442080
121,"ETD","Ethan Allen Interiors, Inc","Consumer Cyclical","Furnishings, Fixtures & Appliances","USA",610.97,13.01,24.01,-0.41%,237950
122,"CBRL","Cracker Barrel Old Country Store Inc","Consumer Cyclical","Restaurants","USA",619.74,13.48,27.83,-1.94%,1509004
123,"KRUS","Kura Sushi USA Inc","Consumer Cyclical","Restaurants","USA",653.29,,53.94,-1.82%,195733
124,"BBW","Build A Bear Workshop Inc","Consumer Cyclical","Specialty Retail","USA",653.55,11.45,49.79,2.70%,1211667
125,"BZH","Beazer Homes USA Inc","Consumer Cyclical","Residential Construction","USA",669.60,14.65,22.50,-1.45%,321255
126,"LIND","Lindblad Expeditions Holdings Inc","Consumer Cyclical","Travel Services","USA",680.32,,12.28,2.59%,359377
127,"SFIX","Stitch Fix Inc","Consumer Cyclical","Apparel Retail","USA",686.97,,5.12,9.17%,7279404
128,"MYE","Myers Industries Inc","Consumer Cyclical","Packaging & Containers","USA",690.18,24.78,18.45,0.65%,424073
129,"FOXF","Fox Factory Holding Corp","Consumer Cyclical","Auto Parts","USA",692.23,,16.56,0.61%,847320
130,"RERE","ATRenew Inc ADR","Consumer Cyclical","Internet Retail","China",701.13,32.92,5.31,-0.56%,1744576
131,"FWDI","Forward Industries, Inc","Consumer Cyclical","Footwear & Accessories","USA",708.97,,8.20,-4.76%,931557
132,"GDEN","Golden Entertainment Inc","Consumer Cyclical","Resorts & Casinos","USA",732.09,149.81,27.97,-1.38%,301551
133,"AXL","American Axle & Manufacturing Holdings Inc","Consumer Cyclical","Auto Parts","USA",748.97,18.74,6.31,-0.47%,1503125
134,"ECX","ECARX Holdings Inc","Consumer Cyclical","Auto Parts","United Kingdom",778.53,,2.10,8.25%,10893061
135,"HEPS","D-MARKET Electronic Services & Trading ADR","Consumer Cyclical","Internet Retail","Turkey",780.95,,2.43,1.89%,343403
136,"BJRI","BJ's Restaurant Inc","Consumer Cyclical","Restaurants","USA",786.43,27.85,37.21,-0.91%,342465
137,"SG","Sweetgreen Inc","Consumer Cyclical","Restaurants","USA",791.92,,6.69,-3.04%,2896749
138,"SES","SES AI Corporation","Consumer Cyclical","Auto Parts","USA",792.21,,2.17,-5.24%,7824331
139,"CNNE","Cannae Holdings Inc","Consumer Cyclical","Restaurants","USA",807.29,,16.38,-2.73%,619821
140,"OLPX","Olaplex Holdings Inc","Consumer Cyclical","Specialty Retail","USA",834.39,,1.25,5.93%,1471722
141,"ODP","ODP Corporation","Consumer Cyclical","Specialty Retail","USA",842.70,299.89,27.98,0.04%,745185
142,"WOOF","Petco Health and Wellness Co Inc","Consumer Cyclical","Specialty Retail","USA",843.60,,3.01,-1.63%,1218012
143,"ACEL","Accel Entertainment Inc","Consumer Cyclical","Gambling","USA",871.19,20.72,10.47,0.58%,325292
144,"GES","Guess Inc","Consumer Cyclical","Apparel Retail","USA",886.06,16.22,16.99,-0.12%,449390
145,"SLDP","Solid Power Inc","Consumer Cyclical","Auto Parts","USA",987.59,,5.17,-4.44%,8365339
146,"EVGO","EVgo Inc","Consumer Cyclical","Specialty Retail","USA",1050.22,,3.41,-1.73%,2765196
147,"WGO","Winnebago Industries, Inc","Consumer Cyclical","Recreational Vehicles","USA",1072.16,41.63,38.01,-0.08%,653731
148,"MLKN","MillerKnoll Inc","Consumer Cyclical","Furnishings, Fixtures & Appliances","USA",1079.79,,15.76,-1.31%,555092
149,"FWRG","First Watch Restaurant Group Inc","Consumer Cyclical","Restaurants","USA",1080.27,224.62,17.70,-2.16%,999688
150,"TDUP","ThredUp Inc","Consumer Cyclical","Internet Retail","USA",1091.24,,8.72,9.82%,2871543
151,"CWH","Camping World Holdings Inc","Consumer Cyclical","Auto & Truck Dealerships","USA",1103.66,,10.79,-3.05%,1545195
152,"CRI","Carters Inc","Consumer Cyclical","Apparel Retail","USA",1161.59,12.93,31.87,2.15%,1050941
153,"LGIH","LGI Homes Inc","Consumer Cyclical","Residential Construction","USA",1163.19,11.12,50.40,-0.41%,307695
154,"LUCK","Lucky Strike Entertainment Corp","Consumer Cyclical","Leisure","USA",1188.31,,8.51,0.35%,354787
155,"MVST","Microvast Holdings Inc","Consumer Cyclical","Auto Parts","USA",1230.69,,3.75,0.81%,5094432
156,"GIII","G-III Apparel Group Ltd","Consumer Cyclical","Apparel Manufacturing","USA",1282.51,7.52,30.38,3.16%,468506
157,"GOOS","Canada Goose Holdings Inc","Consumer Cyclical","Apparel Manufacturing","Canada",1298.80,82.19,13.38,-4.15%,625514
158,"CYD","China Yuchai International","Consumer Cyclical","Auto Manufacturers","Singapore",1303.76,21.23,34.75,-2.09%,217021
159,"LUXE","LuxExperience B.V. ADR","Consumer Cyclical","Luxury Goods","Germany",1335.54,2.24,9.73,0.21%,258721
160,"PZZA","Papa John's International, Inc","Consumer Cyclical","Restaurants","USA",1349.61,36.30,41.16,-2.83%,504752
161,"TRS","Trimas Corporation","Consumer Cyclical","Packaging & Containers","USA",1360.82,31.13,33.48,2.32%,989332
162,"XPEL","XPEL Inc","Consumer Cyclical","Auto Parts","USA",1361.23,29.19,49.18,0.18%,175699
163,"PSNY","Polestar Automotive Holding UK PLC ADR","Consumer Cyclical","Auto Manufacturers","Sweden",1367.93,,0.60,-5.17%,1939836
164,"SVV","Savers Value Village Inc","Consumer Cyclical","Specialty Retail","USA",1399.80,,8.96,0.34%,941752
165,"ACVA","ACV Auctions Inc","Consumer Cyclical","Auto & Truck Dealerships","USA",1403.20,,8.15,3.30%,3299691
166,"MBC","MasterBrand Inc","Consumer Cyclical","Furnishings, Fixtures & Appliances","USA",1412.32,17.48,11.14,-0.71%,1613028
167,"AIN","Albany International Corp","Consumer Cyclical","Textile Manufacturing","USA",1423.81,,49.61,2.02%,462231
168,"WWW","Wolverine World Wide, Inc","Consumer Cyclical","Footwear & Accessories","USA",1427.06,16.60,17.41,0.81%,1367780
169,"NEGG","Newegg Commerce Inc","Consumer Cyclical","Internet Retail","USA",1436.50,,74.06,-5.05%,146721
170,"ADNT","Adient plc","Consumer Cyclical","Auto Parts","USA",1465.89,,18.52,-2.37%,968000
171,"ARHS","Arhaus Inc","Consumer Cyclical","Specialty Retail","USA",1486.81,20.24,10.54,0.09%,726301
172,"JMIA","Jumia Technologies Ag ADR","Consumer Cyclical","Internet Retail","Germany",1490.34,,12.17,-0.25%,2257203
173,"LEG","Leggett & Platt, Inc","Consumer Cyclical","Furnishings, Fixtures & Appliances","USA",1512.82,6.95,11.17,-2.02%,1921450
174,"SBH","Sally Beauty Holdings Inc","Consumer Cyclical","Specialty Retail","USA",1523.89,8.27,15.63,0.58%,1343536
175,"ARCO","Arcos Dorados Holdings Inc","Consumer Cyclical","Restaurants","USA",1561.01,6.36,7.41,-2.88%,1239235
176,"FUN","Six Flags Entertainment Corp","Consumer Cyclical","Leisure","USA",1587.06,,15.64,2.09%,1864909
177,"LZB","La-Z-Boy Inc","Consumer Cyclical","Furnishings, Fixtures & Appliances","USA",1593.45,17.82,38.63,-0.82%,422500
178,"TILE","Interface Inc","Consumer Cyclical","Furnishings, Fixtures & Appliances","USA",1595.23,14.25,27.32,-1.73%,349344
179,"WEN","Wendy's Co","Consumer Cyclical","Restaurants","USA",1606.47,8.94,8.44,-1.17%,6147663
180,"REAL","Therealreal Inc","Consumer Cyclical","Luxury Goods","USA",1631.23,,13.98,-1.62%,2230922
181,"MCW","Mister Car Wash Inc","Consumer Cyclical","Auto & Truck Dealerships","USA",1719.73,18.90,5.25,0.00%,833945
182,"SHCO","Soho House & Co Inc","Consumer Cyclical","Lodging","United Kingdom",1722.95,,8.81,-0.23%,993215
183,"CHA","Chagee Holdings Ltd. ADR","Consumer Cyclical","Restaurants","China",1724.52,16.15,14.58,-0.14%,1567680
184,"DFH","Dream Finders Homes Inc","Consumer Cyclical","Residential Construction","USA",1743.79,6.83,18.80,-1.67%,329433
185,"TRIP","TripAdvisor Inc","Consumer Cyclical","Travel Services","USA",1791.04,24.18,15.32,1.86%,1404395
186,"PENN","PENN Entertainment Inc","Consumer Cyclical","Resorts & Casinos","USA",1836.26,,13.82,-3.29%,3608121
187,"RVLV","Revolve Group Inc","Consumer Cyclical","Internet Retail","USA",1852.55,33.73,25.97,0.04%,919733
188,"SCS","Steelcase, Inc","Consumer Cyclical","Furnishings, Fixtures & Appliances","USA",1853.55,20.34,16.14,-0.55%,533452
189,"HNI","HNI Corp","Consumer Cyclical","Furnishings, Fixtures & Appliances","USA",1875.92,13.72,40.92,-0.63%,558190
190,"FIGS","Figs Inc","Consumer Cyclical","Apparel Manufacturing","USA",1880.22,115.11,11.43,3.07%,2960305
191,"UA","Under Armour Inc","Consumer Cyclical","Apparel Manufacturing","USA",1886.57,,4.34,-0.23%,3066290
192,"UAA","Under Armour Inc","Consumer Cyclical","Apparel Manufacturing","USA",1886.57,,4.55,0.44%,6214017
193,"VAC","Marriott Vacations Worldwide Corp","Consumer Cyclical","Resorts & Casinos","USA",1906.54,12.31,55.08,0.62%,678933
194,"PRKS","United Parks & Resorts Inc","Consumer Cyclical","Leisure","USA",1938.18,10.88,35.53,-1.50%,547426
195,"OSW","OneSpaWorld Holdings Limited","Consumer Cyclical","Leisure","Bahamas",2042.11,28.25,20.03,0.10%,536147
196,"PHIN","PHINIA Inc","Consumer Cyclical","Auto Parts","USA",2091.67,24.56,54.41,0.24%,294527
197,"SBET","SharpLink Gaming Inc","Consumer Cyclical","Gambling","USA",2108.55,,10.72,-3.94%,7010097
198,"MODG","Topgolf Callaway Brands Corp","Consumer Cyclical","Leisure","USA",2116.50,,11.51,-2.54%,3035858
199,"SAH","Sonic Automotive, Inc","Consumer Cyclical","Auto & Truck Dealerships","USA",2199.70,17.39,64.37,-0.82%,104644
200,"OI","O-I Glass Inc","Consumer Cyclical","Packaging & Containers","USA",2214.83,,14.42,3.89%,2135812
201,"HBI","Hanesbrands Inc","Consumer Cyclical","Apparel Manufacturing","USA",2289.10,5.77,6.47,0.00%,0
202,"EYE","National Vision Holdings Inc","Consumer Cyclical","Specialty Retail","USA",2322.18,,29.28,4.01%,1407479
203,"AMBP","Ardagh Metal Packaging S.A","Consumer Cyclical","Packaging & Containers","Luxembourg",2337.01,,3.91,0.77%,892479
204,"CAKE","Cheesecake Factory Inc","Consumer Cyclical","Restaurants","USA",2341.56,14.27,46.98,-1.67%,790991
205,"MSGE","Madison Square Garden Entertainment Corp","Consumer Cyclical","Leisure","USA",2446.14,73.90,51.79,0.52%,318396
206,"DAN","Dana Inc","Consumer Cyclical","Auto Parts","USA",2453.58,47.53,21.00,-4.15%,1662327
207,"GT","Goodyear Tire & Rubber Co","Consumer Cyclical","Auto Parts","USA",2455.26,,8.58,1.30%,4831589
208,"DRVN","Driven Brands Holdings Inc","Consumer Cyclical","Auto & Truck Dealerships","USA",2466.81,,15.00,-2.22%,1741790
209,"KSS","Kohl's Corp","Consumer Cyclical","Department Stores","USA",2585.96,13.52,23.05,2.08%,5500259
210,"HSAI","Hesai Group ADR","Consumer Cyclical","Auto Parts","China",2595.71,46.20,20.10,0.55%,1600554
211,"PTON","Peloton Interactive Inc","Consumer Cyclical","Leisure","USA",2682.32,,6.42,-2.13%,6230176
212,"VC","Visteon Corp","Consumer Cyclical","Auto Parts","USA",2714.40,8.93,99.48,-1.08%,268623
213,"HOG","Harley-Davidson, Inc","Consumer Cyclical","Recreational Vehicles","USA",2759.79,5.67,23.36,-1.56%,2544268
214,"LCII","LCI Industries","Consumer Cyclical","Recreational Vehicles","USA",2774.54,16.01,114.66,-0.30%,290619
215,"KAR","Openlane Inc","Consumer Cyclical","Auto & Truck Dealerships","USA",2777.72,29.82,26.14,1.48%,641900
216,"BRSL","Brightstar Lottery PLC","Consumer Cyclical","Gambling","United Kingdom",2837.62,13.43,14.98,-0.79%,1525881
217,"BKE","Buckle, Inc","Consumer Cyclical","Apparel Retail","USA",2856.07,13.71,55.83,-1.08%,631193
218,"GRBK","Green Brick Partners Inc","Consumer Cyclical","Residential Construction","USA",2863.97,8.65,65.74,-0.71%,160026
219,"TPH","Tri Pointe Homes Inc","Consumer Cyclical","Residential Construction","USA",2884.60,9.91,33.56,-0.36%,639889
220,"COLM","Columbia Sportswear Co","Consumer Cyclical","Apparel Manufacturing","USA",2969.82,16.58,55.11,1.10%,493577
221,"RH","RH","Consumer Cyclical","Specialty Retail","USA",3019.08,29.96,161.06,0.70%,643547
222,"AAP","Advance Auto Parts Inc","Consumer Cyclical","Auto Parts","USA",3149.37,,52.47,-0.06%,1103700
223,"SHOO","Steven Madden Ltd","Consumer Cyclical","Footwear & Accessories","USA",3188.23,55.73,43.88,1.83%,875716
224,"GEF","Greif Inc","Consumer Cyclical","Packaging & Containers","USA",3207.69,73.50,65.45,0.18%,197664
225,"CPRI","Capri Holdings Ltd","Consumer Cyclical","Luxury Goods","United Kingdom",3221.63,,27.04,-2.24%,1802948
226,"GTX","Garrett Motion Inc","Consumer Cyclical","Auto Parts","Switzerland",3222.58,10.53,16.57,-1.07%,1218960
227,"SHAK","Shake Shack Inc","Consumer Cyclical","Restaurants","USA",3330.97,76.65,78.03,-2.61%,2811596
228,"ASO","Academy Sports and Outdoors Inc","Consumer Cyclical","Specialty Retail","USA",3346.60,9.41,50.23,1.91%,1769779
229,"YETI","YETI Holdings Inc","Consumer Cyclical","Leisure","USA",3373.76,22.56,43.36,2.24%,2072237
230,"SIG","Signet Jewelers Ltd","Consumer Cyclical","Luxury Goods","Bermuda",3398.76,24.81,83.00,-2.38%,1222735
231,"CARG","CarGurus Inc","Consumer Cyclical","Auto & Truck Dealerships","USA",3421.04,24.29,35.84,-0.06%,1066121
232,"MLCO","Melco Resorts & Entertainment Ltd ADR","Consumer Cyclical","Resorts & Casinos","Hong Kong",3429.99,33.41,8.78,-0.57%,979655
233,"CUK","Carnival plc ADR","Consumer Cyclical","Travel Services","United Kingdom",3471.34,12.41,23.84,0.42%,1501189
234,"MHO","MI Homes Inc","Consumer Cyclical","Residential Construction","USA",3492.92,7.84,133.58,-0.70%,118779
235,"PATK","Patrick Industries, Inc","Consumer Cyclical","Furnishings, Fixtures & Appliances","USA",3571.19,30.67,107.32,0.33%,196019
236,"HGV","Hilton Grand Vacations Inc","Consumer Cyclical","Resorts & Casinos","USA",3623.61,74.06,42.36,0.05%,971371
237,"PVH","PVH Corp","Consumer Cyclical","Apparel Manufacturing","USA",3776.92,11.77,78.49,1.72%,1421300
238,"PII","Polaris Inc","Consumer Cyclical","Recreational Vehicles","USA",3793.95,,67.45,2.63%,1285035
239,"FTDR","Frontdoor Inc","Consumer Cyclical","Personal Services","USA",3827.05,15.10,53.07,-0.39%,647097
240,"BBWI","Bath & Body Works Inc","Consumer Cyclical","Specialty Retail","USA",3854.91,5.79,18.83,-0.95%,6243890
241,"DORM","Dorman Products Inc","Consumer Cyclical","Auto Parts","USA",3870.15,15.76,126.63,0.21%,205433
242,"VVV","Valvoline Inc","Consumer Cyclical","Auto & Truck Dealerships","USA",3878.31,18.64,30.50,-0.59%,4705243
243,"AEO","American Eagle Outfitters Inc","Consumer Cyclical","Apparel Retail","USA",3910.03,19.90,23.09,-4.51%,13488236
244,"VSCO","Victoria's Secret & Co","Consumer Cyclical","Apparel Retail","USA",3932.07,24.05,49.05,17.99%,12135116
245,"CHH","Choice Hotels International, Inc","Consumer Cyclical","Lodging","USA",3968.34,10.52,85.76,-2.39%,1290811
246,"SON","Sonoco Products Co","Consumer Cyclical","Packaging & Containers","USA",4086.37,4271.13,41.43,0.34%,725638
247,"SLGN","Silgan Holdings Inc","Consumer Cyclical","Packaging & Containers","USA",4088.30,13.14,38.69,0.34%,862948
248,"KBH","KB Home","Consumer Cyclical","Residential Construction","USA",4101.55,8.88,63.33,-1.34%,819936
249,"GBTG","Global Business Travel Group Inc","Consumer Cyclical","Travel Services","USA",4146.33,353.57,7.92,0.51%,1496488
250,"RSI","Rush Street Interactive Inc","Consumer Cyclical","Gambling","USA",4216.61,73.37,18.38,-1.45%,834037
251,"KTB","Kontoor Brands Inc","Consumer Cyclical","Apparel Manufacturing","USA",4236.23,19.61,76.20,0.90%,470710
252,"ATMU","Atmus Filtration Technologies Inc","Consumer Cyclical","Auto Parts","USA",4258.78,21.75,52.25,-1.21%,972229
253,"WHR","Whirlpool Corp","Consumer Cyclical","Furnishings, Fixtures & Appliances","USA",4270.67,,76.06,-4.81%,1455357
254,"RUSHA","Rush Enterprises Inc","Consumer Cyclical","Auto & Truck Dealerships","USA",4281.12,16.31,54.92,0.46%,245184
255,"LCID","Lucid Group Inc","Consumer Cyclical","Auto Manufacturers","USA",4350.34,,13.42,-5.16%,9045707
256,"ZGN","Ermenegildo Zegna N.V","Consumer Cyclical","Apparel Manufacturing","Italy",4352.51,26.27,10.64,0.28%,427907
257,"ALH","Alliance Laundry Holdings Inc","Consumer Cyclical","Furnishings, Fixtures & Appliances","USA",4376.36,,22.17,-1.86%,1205941
258,"TNL","Travel+Leisure Co","Consumer Cyclical","Travel Services","USA",4408.21,11.27,68.53,0.34%,706051
259,"ANF","Abercrombie & Fitch Co","Consumer Cyclical","Apparel Retail","USA",4465.51,9.10,94.87,-0.83%,1910998
260,"BC","Brunswick Corp","Consumer Cyclical","Recreational Vehicles","USA",4553.21,,70.01,0.40%,756842
261,"CROX","Crocs Inc","Consumer Cyclical","Footwear & Accessories","USA",4656.83,29.25,89.70,1.65%,1369975
262,"GPK","Graphic Packaging Holding Co","Consumer Cyclical","Packaging & Containers","USA",4719.02,9.42,15.99,1.20%,8190582
263,"CZR","Caesars Entertainment Inc","Consumer Cyclical","Resorts & Casinos","USA",4743.47,,23.24,1.31%,4383993
264,"SKY","Champion Homes Inc","Consumer Cyclical","Residential Construction","USA",4769.18,22.22,85.38,2.25%,565253
265,"ATAT","Atour Lifestyle Holdings Ltd ADR","Consumer Cyclical","Lodging","China",4873.59,29.39,42.89,0.37%,1118574
266,"GOLF","Acushnet Holdings Corp","Consumer Cyclical","Leisure","USA",4904.09,22.86,83.60,-0.36%,189075
267,"REYN","Reynolds Consumer Products Inc","Consumer Cyclical","Packaging & Containers","USA",5050.01,16.63,24.01,-0.58%,664249
268,"GNTX","Gentex Corp","Consumer Cyclical","Auto Parts","USA",5083.85,13.74,23.22,0.43%,2403465
269,"MTH","Meritage Homes Corp","Consumer Cyclical","Residential Construction","USA",5085.48,9.64,72.23,-0.41%,590994
270,"GPI","Group 1 Automotive, Inc","Consumer Cyclical","Auto & Truck Dealerships","USA",5105.42,14.22,404.21,-1.01%,258092
271,"MTN","Vail Resorts Inc","Consumer Cyclical","Resorts & Casinos","USA",5190.21,19.49,144.36,2.06%,679081
272,"ETSY","Etsy Inc","Consumer Cyclical","Internet Retail","USA",5257.08,37.23,53.26,2.05%,4004751
273,"HRB","H&R Block Inc","Consumer Cyclical","Personal Services","USA",5323.77,9.46,42.11,0.10%,1400840
274,"THO","Thor Industries, Inc","Consumer Cyclical","Recreational Vehicles","USA",5328.25,19.07,100.84,-1.17%,1083904
275,"WH","Wyndham Hotels & Resorts Inc","Consumer Cyclical","Lodging","USA",5448.81,16.61,72.12,-0.30%,1032712
276,"LEA","Lear Corp","Consumer Cyclical","Auto Parts","USA",5590.57,13.19,107.78,-1.06%,473177
277,"SGHC","Super Group (SGHC) Limited","Consumer Cyclical","Gambling","United Kingdom",5631.07,25.86,11.23,0.81%,2210897
278,"KMX","Carmax Inc","Consumer Cyclical","Auto & Truck Dealerships","USA",5700.52,11.40,38.82,-0.21%,3234041
279,"BFAM","Bright Horizons Family Solutions, Inc","Consumer Cyclical","Personal Services","USA",5832.97,29.70,103.14,-0.82%,1237832
280,"MNSO","MINISO Group Holding Ltd ADR","Consumer Cyclical","Specialty Retail","China",5835.48,19.94,19.28,0.36%,403341
281,"LTH","Life Time Group Holdings Inc","Consumer Cyclical","Leisure","USA",5889.88,20.83,26.71,0.53%,1766591
282,"RRR","Red Rock Resorts Inc","Consumer Cyclical","Resorts & Casinos","USA",5952.25,19.92,56.23,-0.18%,382963
283,"TMHC","Taylor Morrison Home Corp","Consumer Cyclical","Residential Construction","USA",6101.95,7.52,62.44,-0.45%,728776
284,"M","Macy's Inc","Consumer Cyclical","Department Stores","USA",6135.36,13.43,22.85,2.37%,9602578
285,"SEE","Sealed Air Corp","Consumer Cyclical","Packaging & Containers","USA",6140.98,15.52,41.74,-1.28%,4416407
286,"BOOT","Boot Barn Holdings Inc","Consumer Cyclical","Apparel Retail","USA",6163.18,29.91,202.18,2.01%,414256
287,"CAVA","Cava Group Inc","Consumer Cyclical","Restaurants","USA",6190.18,46.00,53.37,-2.04%,3448034
288,"EAT","Brinker International, Inc","Consumer Cyclical","Restaurants","USA",6240.36,14.56,140.45,-1.26%,1095974
289,"BYD","Boyd Gaming Corp","Consumer Cyclical","Resorts & Casinos","USA",6318.54,3.54,80.88,-0.60%,429378
290,"MAT","Mattel, Inc","Consumer Cyclical","Leisure","USA",6573.92,15.85,21.15,0.09%,2989794
291,"ZK","ZEEKR Intelligent Technology Holding Ltd. ADR","Consumer Cyclical","Auto Manufacturers","China",6747.65,,26.66,-0.49%,236212
292,"URBN","Urban Outfitters, Inc","Consumer Cyclical","Apparel Retail","USA",6789.24,14.30,75.69,-0.04%,1585054
293,"FND","Floor & Decor Holdings Inc","Consumer Cyclical","Home Improvement Retail","USA",6840.36,31.74,63.48,-2.26%,2506752
294,"MHK","Mohawk Industries, Inc","Consumer Cyclical","Furnishings, Fixtures & Appliances","USA",6843.01,16.48,110.69,-1.13%,1127551
295,"GLBE","Global E Online Ltd","Consumer Cyclical","Internet Retail","Israel",6889.24,1019.05,40.66,0.07%,973578
296,"MMYT","MakeMyTrip Ltd","Consumer Cyclical","Travel Services","India",7011.41,113.13,73.69,-1.54%,580398
297,"WING","Wingstop Inc","Consumer Cyclical","Restaurants","USA",7156.78,42.05,257.56,-2.03%,907354
298,"IBP","Installed Building Products Inc","Consumer Cyclical","Residential Construction","USA",7274.75,28.87,268.19,0.00%,175194
299,"MUSA","Murphy USA Inc","Consumer Cyclical","Specialty Retail","USA",7357.02,16.56,392.70,-1.33%,174712
300,"VFC","VF Corp","Consumer Cyclical","Apparel Manufacturing","USA",7443.31,84.14,19.05,2.58%,5558762
301,"LKQ","LKQ Corp","Consumer Cyclical","Auto Parts","USA",7538.20,10.93,29.45,2.01%,2617614
302,"QS","QuantumScape Corp","Consumer Cyclical","Auto Parts","USA",7546.44,,12.55,-3.24%,13990830
303,"ALSN","Allison Transmission Holdings Inc","Consumer Cyclical","Auto Parts","USA",7701.99,11.33,92.54,2.31%,1267874
304,"AN","Autonation Inc","Consumer Cyclical","Auto & Truck Dealerships","USA",7773.12,12.70,215.92,0.37%,224859
305,"CHDN","Churchill Downs, Inc","Consumer Cyclical","Gambling","USA",7843.79,20.50,112.49,-0.69%,678746
306,"VFS","VinFast Auto Ltd","Consumer Cyclical","Auto Manufacturers","Vietnam",7858.41,,3.36,-0.88%,251522
307,"LAD","Lithia Motors, Inc","Consumer Cyclical","Auto & Truck Dealerships","USA",7963.47,9.50,328.39,1.04%,237299
308,"BIRK","Birkenstock Holding Plc","Consumer Cyclical","Footwear & Accessories","United Kingdom",8110.26,24.55,44.10,2.63%,1827210
309,"VIPS","Vipshop Holdings Ltd ADR","Consumer Cyclical","Internet Retail","China",8356.24,10.51,20.12,1.00%,2369166
310,"MOD","Modine Manufacturing Co","Consumer Cyclical","Auto Parts","USA",8574.87,47.08,162.87,1.85%,981363
311,"NCLH","Norwegian Cruise Line Holdings Ltd","Consumer Cyclical","Travel Services","USA",8613.47,14.41,18.92,0.64%,12754273
312,"LEVI","Levi Strauss & Co","Consumer Cyclical","Apparel Manufacturing","USA",8703.77,19.22,22.27,0.36%,1675990
313,"ALV","Autoliv Inc","Consumer Cyclical","Auto Parts","Sweden",8921.37,12.13,117.44,-0.71%,457728
314,"PLNT","Planet Fitness Inc","Consumer Cyclical","Leisure","USA",9252.87,45.40,111.08,1.54%,1131218
315,"BWA","BorgWarner Inc","Consumer Cyclical","Auto Parts","USA",9263.09,69.38,43.30,-0.21%,1953882
316,"MBLY","Mobileye Global Inc","Consumer Cyclical","Auto Parts","Israel",9521.16,,11.70,-1.10%,3814720
317,"FIVE","Five Below Inc","Consumer Cyclical","Specialty Retail","USA",9551.19,31.10,173.20,2.84%,2196071
318,"BROS","Dutch Bros Inc","Consumer Cyclical","Restaurants","USA",9613.04,117.40,58.43,-4.04%,3690485
319,"NIO","NIO Inc ADR","Consumer Cyclical","Auto Manufacturers","China",9795.64,,5.04,0.60%,36110785
320,"MGM","MGM Resorts International","Consumer Cyclical","Resorts & Casinos","USA",9865.38,226.43,36.07,1.92%,6642350
321,"GAP","Gap, Inc","Consumer Cyclical","Apparel Retail","USA",9878.24,11.90,26.56,0.19%,6518276
322,"GME","Gamestop Corporation","Consumer Cyclical","Specialty Retail","USA",10301.90,31.44,23.00,0.22%,5688195
323,"SCI","Service Corp. International","Consumer Cyclical","Personal Services","USA",10639.77,20.47,75.90,-0.16%,1014160
324,"PAG","Penske Automotive Group Inc","Consumer Cyclical","Auto & Truck Dealerships","USA",10862.05,11.62,164.93,0.80%,211015
325,"GIL","Gildan Activewear Inc","Consumer Cyclical","Apparel Manufacturing","Canada",10885.56,18.76,58.79,0.79%,1708776
326,"TXRH","Texas Roadhouse Inc","Consumer Cyclical","Restaurants","USA",10998.11,25.40,166.27,-0.51%,867218
327,"CCK","Crown Holdings, Inc","Consumer Cyclical","Packaging & Containers","USA",11298.33,12.12,97.95,-0.54%,1014629
328,"HAS","Hasbro, Inc","Consumer Cyclical","Leisure","USA",11381.33,,81.10,-0.92%,1097467
329,"CART","Maplebear Inc","Consumer Cyclical","Internet Retail","USA",11598.71,24.26,44.18,2.43%,3358423
330,"W","Wayfair Inc","Consumer Cyclical","Internet Retail","USA",12409.49,,95.21,0.74%,2339729
331,"WYNN","Wynn Resorts Ltd","Consumer Cyclical","Resorts & Casinos","USA",13049.84,27.68,125.51,-0.17%,856087
332,"BALL","Ball Corp","Consumer Cyclical","Packaging & Containers","USA",13139.41,18.34,49.03,0.37%,2783702
333,"TOL","Toll Brothers Inc","Consumer Cyclical","Residential Construction","USA",13391.45,10.21,138.94,-1.50%,1043244
334,"MGA","Magna International Inc","Consumer Cyclical","Auto Parts","Canada",13817.14,13.41,49.03,0.16%,1017161
335,"AVY","Avery Dennison Corp","Consumer Cyclical","Packaging & Containers","USA",13861.38,20.37,179.33,2.50%,1194827
336,"CHWY","Chewy Inc","Consumer Cyclical","Internet Retail","USA",13884.02,94.44,33.47,0.54%,5979647
337,"DPZ","Dominos Pizza Inc","Consumer Cyclical","Restaurants","USA",14074.98,24.34,416.55,-2.46%,751055
338,"DECK","Deckers Outdoor Corp","Consumer Cyclical","Footwear & Accessories","USA",14530.76,14.79,99.70,3.58%,4560830
339,"HTHT","H World Group Limited ADR","Consumer Cyclical","Lodging","China",14557.77,27.44,47.90,1.48%,1045397
340,"LI","Li Auto Inc ADR","Consumer Cyclical","Auto Manufacturers","China",14799.10,29.80,17.80,1.19%,3476352
341,"H","Hyatt Hotels Corporation","Consumer Cyclical","Lodging","USA",14814.18,,156.00,-0.42%,668792
342,"SN","SharkNinja Inc","Consumer Cyclical","Furnishings, Fixtures & Appliances","USA",15291.82,26.75,108.34,1.86%,1397159
343,"XPEV","XPeng Inc ADR","Consumer Cyclical","Auto Manufacturers","China",15573.20,,20.00,2.56%,6238018
344,"BBY","Best Buy Co. Inc","Consumer Cyclical","Specialty Retail","USA",15583.21,24.49,74.17,0.15%,3977721
345,"ONON","On Holding AG","Consumer Cyclical","Footwear & Accessories","Switzerland",15719.61,60.62,48.14,3.50%,5855051
346,"APTV","Aptiv PLC","Consumer Cyclical","Auto Parts","Switzerland",16501.98,60.64,76.37,-0.09%,1809042
347,"YUMC","Yum China Holdings Inc","Consumer Cyclical","Restaurants","China",16708.41,19.16,46.23,-0.79%,2296198
348,"BURL","Burlington Stores Inc","Consumer Cyclical","Apparel Retail","USA",17102.30,31.21,271.78,5.80%,1863297
349,"PKG","Packaging Corp Of America","Consumer Cyclical","Packaging & Containers","USA",17858.65,20.07,198.48,0.94%,890869
350,"GPC","Genuine Parts Co","Consumer Cyclical","Auto Parts","USA",18117.75,22.44,130.24,-0.07%,861561
351,"SW","Smurfit WestRock plc","Consumer Cyclical","Packaging & Containers","Ireland",18760.72,25.31,36.04,-1.12%,5562989
352,"AMCR","Amcor Plc","Consumer Cyclical","Packaging & Containers","Switzerland",19126.19,24.25,8.30,-0.24%,16900649
353,"SGI","Somnigroup International Inc","Consumer Cyclical","Furnishings, Fixtures & Appliances","USA",19284.22,59.91,91.87,1.83%,1588790
354,"AS","Amer Sports Inc","Consumer Cyclical","Leisure","Finland",19833.20,64.45,35.81,-0.47%,3276653
355,"IP","International Paper Co","Consumer Cyclical","Packaging & Containers","USA",20625.18,,39.06,-0.18%,3397333
356,"DRI","Darden Restaurants, Inc","Consumer Cyclical","Restaurants","USA",20671.28,19.05,177.72,0.83%,1139864
357,"DKS","Dicks Sporting Goods, Inc","Consumer Cyclical","Specialty Retail","USA",20824.72,18.67,232.22,2.77%,1942396
358,"CASY","Casey's General Stores, Inc","Consumer Cyclical","Specialty Retail","USA",21082.89,36.41,567.03,0.69%,276573
359,"WSM","Williams-Sonoma, Inc","Consumer Cyclical","Specialty Retail","USA",21412.13,19.72,179.36,1.53%,1005956
360,"RIVN","Rivian Automotive Inc","Consumer Cyclical","Auto Manufacturers","USA",22006.71,,17.95,-0.61%,40574561
361,"RL","Ralph Lauren Corp","Consumer Cyclical","Apparel Manufacturing","USA",22348.13,27.21,368.42,3.21%,850274
362,"LULU","Lululemon Athletica inc","Consumer Cyclical","Apparel Retail","Canada",23504.25,13.01,190.01,3.49%,4641888
363,"TPR","Tapestry Inc","Consumer Cyclical","Luxury Goods","USA",23800.77,104.09,116.30,1.08%,2124923
364,"PHM","PulteGroup Inc","Consumer Cyclical","Residential Construction","USA",24752.49,9.78,126.99,-0.70%,1205022
365,"ULTA","Ulta Beauty Inc","Consumer Cyclical","Specialty Retail","USA",26970.28,23.05,601.50,12.65%,3395556
366,"TSCO","Tractor Supply Co","Consumer Cyclical","Specialty Retail","USA",28576.07,26.10,54.08,-0.55%,3634930
367,"ROL","Rollins, Inc","Consumer Cyclical","Personal Services","USA",29756.21,57.66,61.40,1.76%,2276315
368,"VIK","Viking Holdings Ltd","Consumer Cyclical","Travel Services","Bermuda",29757.38,31.37,67.08,-0.78%,1804350
369,"DKNG","DraftKings Inc","Consumer Cyclical","Gambling","USA",30286.74,,34.00,-3.38%,19389818
370,"LEN","Lennar Corp","Consumer Cyclical","Residential Construction","USA",31382.33,12.24,123.91,-2.24%,6243132
371,"EXPE","Expedia Group Inc","Consumer Cyclical","Travel Services","USA",32278.74,25.20,263.43,1.95%,1754274
372,"QSR","Restaurant Brands International Inc","Consumer Cyclical","Restaurants","Canada",33445.64,26.21,73.54,2.24%,3434849
373,"CCL","Carnival Corp","Consumer Cyclical","Travel Services","USA",33694.47,13.47,25.87,0.19%,10879909
374,"STLA","Stellantis N.V","Consumer Cyclical","Auto Manufacturers","Netherlands",34621.34,,12.05,1.77%,14051165
375,"FLUT","Flutter Entertainment Plc","Consumer Cyclical","Gambling","USA",36544.78,,208.50,-1.23%,2298735
376,"EBAY","EBay Inc","Consumer Cyclical","Internet Retail","USA",37276.44,17.95,82.47,0.41%,3240015
377,"HMC","Honda Motor ADR","Consumer Cyclical","Auto Manufacturers","Japan",38186.01,9.75,29.43,-0.78%,1191055
378,"JD","JD.com Inc ADR","Consumer Cyclical","Internet Retail","China",38680.13,10.11,29.90,0.54%,5238848
379,"YUM","Yum Brands Inc","Consumer Cyclical","Restaurants","USA",40248.56,28.23,144.96,-0.62%,2503214
380,"LVS","Las Vegas Sands Corp","Consumer Cyclical","Resorts & Casinos","USA",44793.91,29.90,66.25,-0.23%,4361983
381,"CMG","Chipotle Mexican Grill","Consumer Cyclical","Restaurants","USA",44878.11,29.91,33.94,-0.61%,17372799
382,"DHI","D.R. Horton Inc","Consumer Cyclical","Residential Construction","USA",46326.64,13.68,158.62,-1.31%,2167409
383,"TCOM","Trip.com Group Ltd ADR","Consumer Cyclical","Travel Services","Singapore",46872.12,11.44,71.75,0.89%,1236815
384,"CPNG","Coupang Inc","Consumer Cyclical","Internet Retail","USA",49520.41,128.30,27.11,0.33%,11295542
385,"F","Ford Motor Co","Consumer Cyclical","Auto Manufacturers","USA",51919.94,11.17,13.03,-0.84%,54099362
386,"ROST","Ross Stores, Inc","Consumer Cyclical","Apparel Retail","USA",57848.00,27.81,177.87,0.44%,2904345
387,"HLT","Hilton Worldwide Holdings Inc","Consumer Cyclical","Lodging","USA",63280.47,39.45,272.25,-0.44%,1314553
388,"RACE","Ferrari N.V","Consumer Cyclical","Auto Manufacturers","Italy",69959.92,39.71,393.21,-0.01%,469201
389,"RCL","Royal Caribbean Group","Consumer Cyclical","Travel Services","USA",70267.23,17.40,257.66,-0.62%,2389916
390,"GM","General Motors Company","Consumer Cyclical","Auto Manufacturers","USA",70944.11,15.28,76.05,1.01%,8817795
391,"SE","Sea Ltd ADR","Consumer Cyclical","Internet Retail","Singapore",73224.20,57.30,133.99,-1.05%,3579954
392,"ABNB","Airbnb Inc","Consumer Cyclical","Travel Services","USA",76525.15,29.41,124.32,2.90%,3962329
393,"MAR","Marriott International, Inc","Consumer Cyclical","Lodging","USA",78517.05,30.90,292.59,-1.15%,1604610
394,"ORLY","O'Reilly Automotive, Inc","Consumer Cyclical","Auto Parts","USA",83473.45,34.26,98.89,-0.62%,4517341
395,"CVNA","Carvana Co","Consumer Cyclical","Auto & Truck Dealerships","USA",86966.84,91.07,399.77,0.23%,3105827
396,"SBUX","Starbucks Corp","Consumer Cyclical","Restaurants","USA",96789.95,52.24,85.12,0.14%,9402927
397,"DASH","DoorDash Inc","Consumer Cyclical","Internet Retail","USA",96974.67,114.15,225.00,1.72%,4488031
398,"NKE","Nike, Inc","Consumer Cyclical","Footwear & Accessories","USA",97354.36,33.75,65.86,0.26%,10917935
399,"MELI","MercadoLibre Inc","Consumer Cyclical","Internet Retail","USA",104761.67,50.44,2066.42,-3.42%,668871
400,"LOW","Lowe's Cos., Inc","Consumer Cyclical","Home Improvement Retail","USA",139379.60,20.60,248.47,0.93%,2642080
401,"PDD","PDD Holdings Inc ADR","Consumer Cyclical","Internet Retail","China",163744.69,12.28,117.62,0.68%,4190877
402,"BKNG","Booking Holdings Inc","Consumer Cyclical","Travel Services","USA",167520.42,33.78,5197.04,3.38%,303851
403,"TJX","TJX Companies, Inc","Consumer Cyclical","Apparel Retail","USA",170212.41,33.87,153.28,1.98%,6075285
404,"MCD","McDonald's Corp","Consumer Cyclical","Restaurants","USA",221643.81,26.54,311.23,0.87%,3147587
405,"TM","Toyota Motor Corporation ADR","Consumer Cyclical","Auto Manufacturers","Japan",256184.51,8.31,196.56,-0.86%,271186
406,"HD","Home Depot, Inc","Consumer Cyclical","Home Improvement Retail","USA",353018.31,24.18,354.61,0.98%,5959500
407,"BABA","Alibaba Group Holding Ltd ADR","Consumer Cyclical","Internet Retail","China",355518.66,21.80,158.32,0.56%,6277149
408,"TSLA","Tesla Inc","Consumer Cyclical","Auto Manufacturers","USA",1513247.80,304.02,455.00,0.10%,56427522
409,"AMZN","Amazon.com Inc","Consumer Cyclical","Internet Retail","USA",2453725.22,32.43,229.53,0.18%,33117377
410,"JEM","707 Cayman Holdings Ltd","Consumer Cyclical","Apparel Retail","USA",,,0.23,2.93%,113140
411,"PASW","Ping An Biomedical Co Ltd","Consumer Cyclical","Textile Manufacturing","USA",,,0.51,2.35%,53476
412,"JBDI","JBDI Holdings Ltd","Consumer Cyclical","Specialty Retail","USA",,,0.90,-3.39%,3812
